City ID,City,Country,Lat,Lng,Max Temp,Humidity,Cloudiness,Wind Speed,Weather Description
0,Busselton,AU,-33.65,115.3333,42.04,83,7,7.94,clear sky
1,Rikitea,PF,-23.1203,-134.9692,75.74,77,100,18.41,overcast clouds
2,Hermanus,ZA,-34.4187,19.2345,61.9,89,9,5.12,clear sky
3,Ushuaia,AR,-54.8,-68.3,49.62,46,20,25.32,few clouds
4,Cidreira,BR,-30.1811,-50.2056,68.99,83,75,21.07,broken clouds
5,Cairns,AU,-16.9167,145.7667,77.07,85,40,5.75,scattered clouds
6,Tuktoyaktuk,CA,69.4541,-133.0374,23.22,94,100,1.9,overcast clouds
7,Tuatapere,NZ,-46.1333,167.6833,59.94,64,95,6.42,overcast clouds
8,Punta Arenas,CL,-53.15,-70.9167,50.11,43,40,23.02,scattered clouds
9,Iqaluit,CA,63.7506,-68.5145,38.7,69,100,11.01,overcast clouds
10,Albany,US,42.6001,-73.9662,55.36,65,20,1.01,few clouds
11,Aljezur,PT,37.3191,-8.8033,68.18,91,100,18.3,overcast clouds
12,Qaqortoq,GL,60.7167,-46.0333,27.1,83,82,3.24,broken clouds
13,Katsuura,JP,35.1333,140.3,54.1,68,0,6.44,clear sky
14,Boueni,YT,-12.9025,45.0761,76.98,69,23,5.97,few clouds
15,Saint-Philippe,RE,-21.3585,55.7679,69.39,80,42,8.55,scattered clouds
16,Jamestown,US,42.097,-79.2353,49.32,99,90,5.99,light rain
17,Grand Gaube,MU,-20.0064,57.6608,72.37,91,44,7.92,light rain
18,Souillac,MU,-20.5167,57.5167,72.36,80,81,4.61,broken clouds
19,Bandarbeyla,SO,9.4942,50.8122,78.15,82,11,14.65,few clouds
20,Sur,OM,22.5667,59.5289,77.81,49,1,1.43,clear sky
21,Vaini,TO,-21.2,-175.2,71.76,100,90,8.05,moderate rain
22,Mataura,NZ,-46.1927,168.8643,60.96,65,75,5.37,broken clouds
23,Vostok,RU,46.4856,135.8833,31.64,64,0,2.68,clear sky
24,Kawardha,IN,22.0167,81.25,66.9,62,41,5.14,scattered clouds
25,Barrow,US,71.2906,-156.7887,1.42,71,1,12.66,clear sky
26,Atuona,PF,-9.8,-139.0333,77.88,72,14,13.58,few clouds
27,Mukhen,RU,48.1,136.1,35.56,75,4,4.38,clear sky
28,Vila,PT,42.0304,-8.1588,56.34,95,100,6.4,light rain
29,Manzil Salim,TN,35.8567,8.4765,59.45,62,8,2.17,clear sky
30,Port Alfred,ZA,-33.5906,26.891,62.69,80,88,13.35,overcast clouds
31,Saint George,US,37.1041,-113.5841,78.53,31,1,1.99,clear sky
32,East London,ZA,-33.0153,27.9116,64.76,71,96,14.99,light rain
33,Kuldur,RU,49.2167,131.6333,36.99,66,100,1.16,light rain
34,Talnakh,RU,69.4865,88.3972,16.43,95,100,8.93,light snow
35,Huanren,CN,41.2647,125.3667,42.55,87,62,2.35,broken clouds
36,Gushikawa,JP,26.3544,127.8686,70.83,88,1,4.61,clear sky
37,Winnemucca,US,40.973,-117.7357,68.05,45,1,3.44,clear sky
38,Hilo,US,19.7297,-155.09,80.26,68,40,8.05,scattered clouds
39,Niles,US,42.0189,-87.8028,55.27,95,90,4,light rain
40,Faanui,PF,-16.4833,-151.75,78.73,70,100,15.14,overcast clouds
41,Pisco,PE,-13.7,-76.2167,68.05,68,0,20.71,clear sky
42,Ca Mau,VN,9.1769,105.15,76.35,94,99,4.23,moderate rain
43,Cape Town,ZA,-33.9258,18.4232,65.08,80,4,1.01,clear sky
44,Tilichiki,RU,60.4667,166.1,27.68,89,100,11.9,overcast clouds
45,Puerto Ayora,EC,-0.7393,-90.3518,78.76,87,78,10.49,broken clouds
46,Nouakchott,MR,18.0858,-15.9785,80.53,63,100,13.91,overcast clouds
47,Garissa,KE,-0.4536,39.6401,79.77,64,23,16.31,few clouds
48,San Antonio,US,29.4241,-98.4936,79.25,21,1,18.41,clear sky
49,Khatanga,RU,71.9667,102.5,3.2,84,100,10,overcast clouds
50,Castro,BR,-24.7911,-50.0119,66.24,82,56,8.59,broken clouds
51,Avarua,CK,-21.2078,-159.775,78.85,61,40,13.8,scattered clouds
52,Qaanaaq,GL,77.484,-69.3632,13.48,69,99,7.85,overcast clouds
53,Cherskiy,RU,68.75,161.3,-19.88,99,99,1.66,overcast clouds
54,Alice Springs,AU,-23.7,133.8833,65.75,30,14,11.5,few clouds
55,Baruun-Urt,MN,46.6806,113.2792,29.88,35,100,16.78,overcast clouds
56,Thompson,CA,55.7435,-97.8558,43.79,74,95,6.93,overcast clouds
57,Saint Anthony,US,45.0205,-93.218,59.9,57,1,1.99,clear sky
58,Port-Cartier,CA,50.0334,-66.8654,44.73,51,0,1.7,clear sky
59,Trairi,BR,-3.2778,-39.2689,80.19,70,89,9.69,overcast clouds
60,Bluff,NZ,-46.6,168.3333,56.71,76,94,5.1,overcast clouds
61,Peniche,PT,39.3558,-9.3811,69.89,93,100,33.67,overcast clouds
62,Ulaanbaatar,MN,47.9077,106.8832,17.73,86,0,0,clear sky
63,Asfi,MA,32.2994,-9.2372,65.12,84,67,1.61,broken clouds
64,Todos Santos,MX,23.45,-110.2167,88.11,72,0,8.19,clear sky
65,Port Blair,IN,11.6667,92.75,81.07,82,39,6.82,scattered clouds
66,New Norfolk,AU,-42.7826,147.0587,47.75,72,45,3.33,scattered clouds
67,Arraial Do Cabo,BR,-22.9661,-42.0278,67.86,88,90,10.36,light intensity drizzle
68,Kamaishi,JP,39.2667,141.8833,48.04,76,0,5.21,clear sky
69,Bundaberg,AU,-24.85,152.35,80.22,82,40,5.99,scattered clouds
70,Aleksandrov Gay,RU,50.147,48.5704,40.32,88,54,5.53,broken clouds
71,Saldanha,ZA,-33.0117,17.9442,61.54,91,0,9.04,clear sky
72,Lebu,CL,-37.6167,-73.65,56.21,73,100,17.65,overcast clouds
73,Nanortalik,GL,60.1432,-45.2371,33.62,81,91,1.95,overcast clouds
74,Vardo,NO,70.3705,31.1107,35.8,74,12,22.35,few clouds
75,Airai,TL,-8.9266,125.4092,60.93,87,97,1.1,overcast clouds
76,Ponta Do Sol,PT,32.6667,-17.1,72.23,73,79,9.69,broken clouds
77,Hambantota,LK,6.1241,81.1185,78.44,85,86,4.81,overcast clouds
78,College,US,64.8569,-147.8028,21.2,90,100,2.35,overcast clouds
79,Ilave,PE,-16.0833,-69.6667,57.22,38,17,12.55,few clouds
80,Kavieng,PG,-2.5744,150.7967,83.39,74,93,8.61,light rain
81,Yaguajay,CU,22.3272,-79.2378,83.77,75,100,13.71,overcast clouds
82,Anadyr,RU,64.75,177.4833,-1.7,84,40,4.47,light snow
83,Salym,RU,60.0625,71.4789,21.45,79,100,14.85,overcast clouds
84,Sakakah,SA,29.9697,40.2064,72.59,23,36,8.28,scattered clouds
85,Kletskaya,RU,49.3145,43.0584,42.26,74,6,1.63,clear sky
86,Severo-Kurilsk,RU,50.6789,156.125,42.33,95,100,7.43,overcast clouds
87,Lompoc,US,34.6391,-120.4579,85.14,61,1,6.91,clear sky
88,Hithadhoo,MV,-0.6,73.0833,83.21,74,100,13.27,overcast clouds
89,Mokrousovo,RU,55.8103,66.7653,24.69,69,0,8.41,clear sky
90,Nikolskoye,RU,59.7035,30.7861,52.88,86,100,7.96,overcast clouds
91,Hobart,AU,-42.8794,147.3294,48.11,72,75,1.01,broken clouds
92,Kapaa,US,22.0752,-159.319,80.58,84,40,1.99,scattered clouds
93,Yaan,NG,7.3833,8.5667,80.01,63,97,4,overcast clouds
94,Karratha,AU,-20.7377,116.8463,69.98,29,0,11.72,clear sky
95,Taltal,CL,-25.4,-70.4833,66.7,61,22,5.84,few clouds
96,Cassino,IT,41.4876,13.8315,59.52,60,100,1.01,overcast clouds
97,Mar Del Plata,AR,-38.0023,-57.5575,66.22,93,0,14,clear sky
98,Mount Isa,AU,-20.7333,139.5,74.97,33,100,12.66,overcast clouds
99,San Patricio,US,28.017,-97.5169,82.81,14,0,18.52,clear sky
100,Namatanai,PG,-3.6667,152.4333,82.18,71,85,6.6,overcast clouds
101,Marana,US,32.4367,-111.2254,92.77,11,1,0,clear sky
102,Nemuro,JP,43.3236,145.575,48.29,75,91,18.32,overcast clouds
103,Murakami,JP,38.2333,139.4833,52.25,83,83,2.55,broken clouds
104,Touros,BR,-5.1989,-35.4608,79.7,74,13,17.58,few clouds
105,Richards Bay,ZA,-28.783,32.0377,67.95,85,100,15.08,light rain
106,Bredasdorp,ZA,-34.5322,20.0403,60.28,90,8,7.58,clear sky
107,Oranjemund,NA,-28.55,16.4333,59.99,84,0,7.74,clear sky
108,Bengkulu,ID,-3.8004,102.2655,75.36,91,96,3.87,overcast clouds
109,Ballina,AU,-28.8667,153.5667,77.77,76,85,9.55,overcast clouds
110,Umm Kaddadah,SD,13.6017,26.6876,84.04,13,61,11.07,broken clouds
111,Sibolga,ID,1.7427,98.7792,77.31,88,84,3.47,broken clouds
112,Bahia Blanca,AR,-38.7196,-62.2724,97.27,15,6,13.33,clear sky
113,Kaitangata,NZ,-46.2817,169.8464,59.52,71,81,10.54,broken clouds
114,Tiksi,RU,71.6872,128.8694,7.3,95,99,6.04,overcast clouds
115,Vestmannaeyjar,IS,63.4427,-20.2734,45.72,83,99,16.96,overcast clouds
116,Torbay,CA,47.6666,-52.7314,41.58,93,100,4,overcast clouds
117,Norman Wells,CA,65.282,-126.8329,26.17,92,100,5.41,overcast clouds
118,Zhezkazgan,KZ,47.8043,67.7144,35.47,47,82,8.05,broken clouds
119,Lianran,CN,24.9227,102.485,54.91,98,49,3,scattered clouds
120,Staryy Nadym,RU,65.6118,72.6842,16.83,94,100,26.31,light snow
121,Ipira,BR,-12.1583,-39.7372,77.5,50,71,15.59,broken clouds
122,Chuy,UY,-33.6971,-53.4616,68.23,79,0,13.49,clear sky
123,Bintulu,MY,3.1667,113.0333,76.55,92,100,2.66,overcast clouds
124,Kodiak,US,57.79,-152.4072,38.71,87,90,25.32,moderate rain
125,Xining,CN,36.6167,101.7667,36.12,55,2,2.26,clear sky
126,Namibe,AO,-15.1961,12.1522,66.42,83,54,4.63,broken clouds
127,Margate,GB,51.3813,1.3862,55.31,77,94,1.01,overcast clouds
128,Teplodar,UA,46.5059,30.3252,46.04,76,0,6.31,clear sky
129,Alofi,NU,-19.0595,-169.9187,76.64,60,93,19.55,overcast clouds
130,Petrozavodsk,RU,61.7849,34.3469,46.87,88,99,12.17,overcast clouds
131,Stornoway,GB,58.2093,-6.3865,54.93,100,100,6.91,overcast clouds
132,Codrington,AU,-38.2667,141.9667,45.36,78,62,9.31,broken clouds
133,Port Hardy,CA,50.6996,-127.4199,47.8,65,9,16.42,clear sky
134,Beloha,MG,-25.1667,45.05,63.27,65,2,13.62,clear sky
135,Monroe,US,43.1501,-77.6831,53.91,77,90,9.22,light rain
136,Yellowknife,CA,62.456,-114.3525,33.42,97,98,1.99,overcast clouds
137,Fairbanks,US,64.8378,-147.7164,22.96,89,90,4.61,mist
138,San Andres,CO,12.5847,-81.7006,86.02,70,75,4.61,broken clouds
139,Coahuayana,MX,18.7333,-103.6833,89.08,71,55,4.83,broken clouds
140,Asau,RO,46.4333,26.4,41.92,91,3,1.25,clear sky
141,Sitka,US,57.0531,-135.33,42.69,81,75,5.75,light rain
142,Noumea,NC,-22.2763,166.4572,75.18,99,35,6.55,scattered clouds
143,Tobermory,CA,45.2501,-81.6665,54.3,78,100,20.45,overcast clouds
144,Geraldton,AU,-28.7667,114.6,46.81,87,0,8.05,clear sky
145,Trinidad,BO,-14.8333,-64.9,92.97,41,85,5.03,overcast clouds
146,Aripuana,BR,-9.1667,-60.6333,86.31,55,98,0.16,overcast clouds
147,Pontes E Lacerda,BR,-15.2261,-59.3353,73.13,85,91,6.55,heavy intensity rain
148,Reconquista,AR,-29.15,-59.65,97.29,19,98,9.42,overcast clouds
149,Olinda,BR,-8.0089,-34.8553,80.33,65,75,13.8,broken clouds
150,Shizunai,JP,42.3339,142.3669,43.9,76,0,6.64,clear sky
151,Dunedin,NZ,-45.8742,170.5036,54.84,91,89,13.35,overcast clouds
152,Antofagasta,CL,-23.65,-70.4,61.88,67,4,5.61,clear sky
153,Victor Harbor,AU,-35.5667,138.6167,52,70,27,4.25,scattered clouds
154,Butaritari,KI,3.0707,172.7902,83.7,69,14,17.07,few clouds
155,Hasaki,JP,35.7333,140.8333,43.2,56,0,4.43,clear sky
156,San Jeronimo,PE,-11.9472,-75.2829,58.05,62,98,8.32,overcast clouds
157,Georgetown,MY,5.4112,100.3354,80.53,90,20,6.91,few clouds
158,Bam,IR,29.106,58.357,66.31,27,98,0.98,overcast clouds
159,Carlsbad,US,33.1581,-117.3506,93.87,48,1,1.99,clear sky
160,Soria,ES,41.6667,-2.6667,49.86,91,100,10,overcast clouds
161,Ust-Nera,RU,64.5667,143.2,-0.76,100,100,3.91,overcast clouds
162,Kendari,ID,-3.945,122.4989,75.15,92,65,1.63,broken clouds
163,Guerrero Negro,MX,27.9769,-114.0611,82.69,34,0,10.13,clear sky
164,Videira,BR,-27.0083,-51.1517,68.18,84,68,4.74,light rain
165,Chapayeve,UA,49.3662,35.8749,37.22,80,1,6.02,clear sky
166,Pacasmayo,PE,-7.4006,-79.5714,67.62,75,62,15.82,broken clouds
167,Tsiroanomandidy,MG,-18.7667,46.0333,69.91,66,76,2.91,broken clouds
168,Saint-Francois,FR,46.4154,3.9054,60.24,64,0,12.66,clear sky
169,Tasiilaq,GL,65.6145,-37.6368,26.76,75,84,5.39,broken clouds
170,Cayenne,GF,4.9333,-52.3333,84.24,77,48,3,scattered clouds
171,Berlevag,NO,70.8578,29.0864,39.2,87,20,18.41,light rain
172,Nouadhibou,MR,20.931,-17.0347,69.24,79,96,17.9,overcast clouds
173,Mangan,IN,27.5167,88.5333,60.15,54,1,6.42,clear sky
174,Bathsheba,BB,13.2167,-59.5167,83.01,65,20,13.8,few clouds
175,Pinega,RU,64.7001,43.3936,34.54,99,100,8.21,overcast clouds
176,Omboue,GA,-1.5746,9.2618,77.32,90,89,5.46,overcast clouds
177,Nome,US,64.5011,-165.4064,26.67,86,90,18.41,light snow
178,Paamiut,GL,61.994,-49.6678,32.68,90,88,8.86,overcast clouds
179,Bilma,NE,18.6853,12.9164,82.45,16,19,6.73,few clouds
180,Provideniya,RU,64.3833,-173.3,11.43,73,75,2.73,broken clouds
181,Sabha,LY,27.0377,14.4283,69.17,32,28,7.02,scattered clouds
182,Sokna,NO,60.24,9.9235,50.5,95,100,3.15,overcast clouds
183,Nhulunbuy,AU,-12.2333,136.7667,75.81,88,61,0,broken clouds
184,Kirakira,SB,-10.4544,161.9205,82.76,78,68,11.7,broken clouds
185,Borgarnes,IS,64.5383,-21.9206,44.65,79,99,10.76,overcast clouds
186,Pevek,RU,69.7008,170.3133,-2.16,95,98,3.6,overcast clouds
187,Fortuna,US,40.5982,-124.1573,66.92,65,75,1.99,broken clouds
188,Leningradskiy,RU,69.3833,178.4167,-12.05,93,22,5.23,few clouds
189,Zhigansk,RU,66.7697,123.3711,-7.73,100,98,1.07,overcast clouds
190,Gbely,SK,48.718,17.1163,53.28,58,10,15.9,clear sky
191,Duncan,US,34.5023,-97.9578,70.02,15,1,24.16,clear sky
192,Segou,ML,13.4317,-6.2157,85.44,46,100,10.63,overcast clouds
193,Kulu,TR,39.0951,33.0799,45.61,65,6,8.34,clear sky
194,Iquique,CL,-20.2208,-70.1431,64.44,71,45,6.82,scattered clouds
195,Waipawa,NZ,-41.4122,175.5153,60.46,71,81,4.09,broken clouds
196,Arkhara,RU,49.4212,130.0842,37.45,72,100,5.44,overcast clouds
197,Nacala,MZ,-14.5428,40.6728,72.32,66,5,6.17,clear sky
198,Port Hawkesbury,CA,45.6169,-61.3485,49.59,87,1,5.99,clear sky
199,Olafsvik,IS,64.8945,-23.7142,40.93,93,100,28.79,overcast clouds
200,Belaya Gora,RU,68.5333,146.4167,2.3,97,100,3.58,overcast clouds
201,Portland,US,45.5234,-122.6762,59.45,76,40,1.99,scattered clouds
202,San Quintin,MX,30.4833,-115.95,74.68,50,0,9.64,clear sky
203,Betong,TH,5.7743,101.0723,72.41,99,36,1.5,scattered clouds
204,Puerto Madryn,AR,-42.7692,-65.0385,73.51,31,65,15.82,broken clouds
205,Marfino,RU,55.7028,37.3822,50.25,80,90,15.66,overcast clouds
206,Carnarvon,AU,-24.8667,113.6333,64.47,72,0,13.8,clear sky
207,Macas,EC,-2.3167,-78.1167,78.55,57,20,8.05,light rain
208,Sept-Iles,CA,50.2001,-66.3821,45.3,52,0,0.89,clear sky
209,Inhambane,MZ,-23.865,35.3833,70.05,67,47,11.21,scattered clouds
210,Sao Filipe,CV,14.8961,-24.4956,79.56,74,70,11.32,broken clouds
211,Bambanglipuro,ID,-7.95,110.2833,77.29,89,99,3.89,moderate rain
212,Darhan,MN,49.4867,105.9228,27.72,53,0,4.63,clear sky
213,Kattivakkam,IN,13.2167,80.3167,77.09,76,100,4.47,light rain
214,Tadine,NC,-21.55,167.8833,73.72,70,28,8.41,scattered clouds
215,Yabassi,CM,4.457,9.9682,75.04,99,100,0.69,light rain
216,Rio Gallegos,AR,-51.6226,-69.2181,53.65,24,75,26.46,broken clouds
217,Galbshtadt,RU,53.2264,78.9845,39.78,54,100,15.23,overcast clouds
218,Hami,CN,42.8,93.45,48.76,41,7,4.29,clear sky
219,Bonavista,CA,48.6499,-53.1147,41.11,83,100,14.07,overcast clouds
220,Kloulklubed,PW,7.0419,134.2556,84.07,76,100,16.73,overcast clouds
221,Hofn,IS,64.2539,-15.2082,44.19,86,100,13.09,overcast clouds
222,Gornopravdinsk,RU,60.05,69.9,20.16,81,92,12.88,overcast clouds
223,Beringovskiy,RU,63.05,179.3167,12.52,86,100,2.93,overcast clouds
224,Meridian,US,43.6121,-116.3915,74.71,42,1,3,clear sky
225,Maarianhamina,AX,60.0973,19.9348,44.46,93,75,6.91,broken clouds
226,Nantucket,US,41.2835,-70.0995,52.97,78,72,15.79,broken clouds
227,Dingle,PH,10.9995,122.6711,75.83,91,81,8.55,broken clouds
228,Morant Bay,JM,17.8815,-76.4093,85.62,78,41,8.5,scattered clouds
229,Tyulgan,RU,52.3405,56.166,35.33,91,96,1.03,overcast clouds
230,Labuhan,ID,-6.8844,112.2051,79.93,82,100,9.93,overcast clouds
231,Kahului,US,20.8947,-156.47,84.22,71,40,17.27,scattered clouds
232,Derzhavinsk,KZ,51.1,66.3167,36.1,86,100,11.81,overcast clouds
233,Cathedral City,US,33.7797,-116.4653,95.11,16,1,1.01,clear sky
234,Bichena,ET,10.45,38.2,55.96,47,91,2.21,overcast clouds
235,Darnah,LY,32.767,22.6367,69.42,74,1,4.76,clear sky
236,Zhanaozen,KZ,43.3,52.8,51.6,63,100,5.61,overcast clouds
237,Nang Rong,TH,14.6377,102.7914,72.12,98,100,4.41,overcast clouds
238,Dikson,RU,73.5069,80.5464,3.33,88,100,17.38,overcast clouds
239,Kaniama,CD,-7.5667,24.1833,65.88,96,20,2.3,few clouds
240,Yar-Sale,RU,66.8333,70.8333,14.09,92,100,22.88,light snow
241,Saint Pete Beach,US,27.7253,-82.7412,80.04,59,90,1.01,overcast clouds
242,Hargeysa,SO,9.56,44.065,66.13,54,87,8.66,overcast clouds
243,Lensk,RU,60.7253,114.9278,12.69,95,26,3.36,scattered clouds
244,Ugoofaaru,MV,5.6667,73,81.7,71,99,10.87,overcast clouds
245,Avera,US,33.194,-82.5271,65.08,55,63,12.59,broken clouds
246,Lorengau,PG,-2.0226,147.2712,81.27,80,20,3.18,few clouds
247,Mahebourg,MU,-20.4081,57.7,72.25,94,75,2.3,broken clouds
248,Sorong,ID,-0.8833,131.25,78.01,87,100,4.99,overcast clouds
249,Coihaique,CL,-45.5752,-72.0662,48.81,76,75,8.05,light intensity shower rain
250,Alexandria,EG,31.2156,29.9553,73.87,70,100,4.16,overcast clouds
251,Cabo San Lucas,MX,22.8909,-109.9124,87.62,65,20,10.36,few clouds
252,Qobustan,AZ,40.0824,49.412,53.71,81,100,16.26,overcast clouds
253,Kirov,RU,58.5966,49.6601,28.85,94,100,12.19,snow
254,Fort Nelson,CA,58.8053,-122.7002,38.79,52,20,5.75,few clouds
255,Okha,RU,53.5739,142.9478,32.54,87,34,2.86,scattered clouds
256,Arrifes,PT,37.7667,-25.7,70.23,94,75,19.57,broken clouds
257,Brae,GB,60.3964,-1.353,53.51,91,100,21.47,overcast clouds
258,Rivera,UY,-30.9053,-55.5508,78.98,66,0,8.81,clear sky
259,Xinxiang,CN,35.3089,113.8672,57.31,58,0,4.47,light rain
260,Machilipatnam,IN,16.1667,81.1333,78.85,86,100,8.32,overcast clouds
261,Chokurdakh,RU,70.6333,147.9167,-15.57,98,100,3.38,overcast clouds
262,Ambilobe,MG,-13.2,49.05,74.41,83,27,1.74,scattered clouds
263,Amargosa,BR,-13.0303,-39.6047,71.13,78,6,8.59,clear sky
264,Ribeira Grande,PT,38.5167,-28.7,69.93,93,100,18.37,overcast clouds
265,Clifton Springs,AU,-38.15,144.5667,52.97,82,19,5.99,few clouds
266,Kindu,CD,-2.95,25.95,69.87,98,92,1.54,overcast clouds
267,Saskylakh,RU,71.9167,114.0833,-7.76,96,99,8.12,overcast clouds
268,Baft,IR,29.234,56.6057,52.09,63,88,4.34,overcast clouds
269,Longyearbyen,SJ,78.2186,15.6401,26.44,68,20,14.97,few clouds
270,Maragogi,BR,-9.0122,-35.2225,78.84,61,99,8.72,overcast clouds
271,Korla,CN,41.7597,86.1469,50.16,38,99,6.02,overcast clouds
272,Port Keats,AU,-14.25,129.55,82.4,76,72,3.94,broken clouds
273,Pathein,MM,16.7833,94.7333,75.72,93,96,2.19,overcast clouds
274,Katobu,ID,-4.9408,122.5276,75.13,91,100,2.46,overcast clouds
275,Narsaq,GL,60.9167,-46.05,26.82,79,86,4.38,overcast clouds
276,Mozarlandia,BR,-14.7447,-50.5706,90.66,36,74,4.47,broken clouds
277,Srednekolymsk,RU,67.45,153.6833,2.07,97,100,4.09,light snow
278,Lucapa,AO,-8.4192,20.7447,65.88,97,81,2.77,broken clouds
279,Meulaboh,ID,4.1363,96.1285,75.22,87,100,4.34,moderate rain
280,San Roque,ES,36.2107,-5.3842,68.83,73,75,16.11,broken clouds
281,Mount Gambier,AU,-37.8333,140.7667,47.95,78,78,6.33,broken clouds
282,Gat,IL,31.61,34.7642,74.39,70,100,2.06,overcast clouds
283,Chardara,KZ,41.2547,67.9692,48.54,64,0,6.06,clear sky
284,Oblivskaya,RU,48.5362,42.5014,47.57,73,3,5.77,clear sky
285,Plon,DE,54.1667,10.4167,55.22,86,85,10.63,overcast clouds
286,Methoni,GR,36.8197,21.7049,63.21,62,100,5.5,overcast clouds
287,Sambava,MG,-14.2667,50.1667,72.99,91,100,11.41,light rain
288,Grindavik,IS,63.8424,-22.4338,44.55,87,0,8.05,clear sky
289,Coracora,PE,-15.0333,-73.7833,56.73,61,91,3.42,overcast clouds
290,Rocha,UY,-34.4833,-54.3333,69.06,74,1,13.09,clear sky
291,Bud,US,39.447,-86.1758,61.7,95,100,8.66,light rain
292,Comodoro Rivadavia,AR,-45.8667,-67.5,75.06,25,20,25.32,few clouds
293,Feldkirchen An Der Donau,AT,48.3452,14.0513,50.79,78,39,1.14,scattered clouds
294,Merauke,ID,-8.4667,140.3333,79.25,86,100,5.82,overcast clouds
295,Benjamin Constant,BR,-4.3831,-70.0311,87.93,66,20,5.75,few clouds
296,Blairmore,CA,49.6,-114.4353,37.58,100,100,4.61,snow
297,Bethel,US,41.3712,-73.414,54.48,72,75,4,broken clouds
298,Orel-Izumrud,RU,43.4583,39.9244,50.02,87,75,11.01,broken clouds
299,Bell Ville,AR,-32.6259,-62.6887,89.8,16,15,9.31,few clouds
300,Marsa Matruh,EG,31.3525,27.2453,72.12,76,100,3.58,overcast clouds
301,Cap Malheureux,MU,-19.9842,57.6142,72.46,91,47,7.43,light rain
302,Tigzirt,DZ,36.8886,4.1198,66.36,63,100,3.89,overcast clouds
303,Roald,NO,62.5833,6.1333,61.72,66,0,4.61,clear sky
304,Umm Lajj,SA,25.0213,37.2685,83.53,45,0,4.47,clear sky
305,Naron,ES,43.5167,-8.1528,57.69,92,100,14.27,light rain
306,Ornskoldsvik,SE,63.2909,18.7153,41.95,100,90,3.44,fog
307,Alekseyevsk,RU,57.8406,108.3492,25.88,51,100,4.54,overcast clouds
308,Fare,PF,-16.7,-151.0167,78.1,69,91,14.14,overcast clouds
309,Turka,UA,49.1541,23.0297,43.25,66,10,5.64,clear sky
310,Deputatskiy,RU,69.3,139.9,7.83,90,100,8.55,overcast clouds
311,Aguimes,ES,27.9054,-15.4461,65.86,65,20,8.05,few clouds
312,Lukovetskiy,RU,64.2956,41.9211,39.18,100,100,5.73,overcast clouds
313,Upernavik,GL,72.7868,-56.1549,19.53,60,3,5.7,clear sky
314,Hobyo,SO,5.3505,48.5268,79.74,69,4,8.84,clear sky
315,Vao,NC,-22.6667,167.4833,70.54,72,66,10.45,broken clouds
316,Esperance,AU,-33.8667,121.9,48.78,82,27,6.69,scattered clouds
317,Sault Sainte Marie,CA,46.5168,-84.3333,55.69,62,90,0,overcast clouds
318,Ulaangom,MN,49.9811,92.0667,31.66,62,49,3.69,scattered clouds
319,Coatesville,US,39.9832,-75.8238,56.35,95,90,10,overcast clouds
320,Baryatino,RU,54.3121,34.521,47.91,92,98,7.38,overcast clouds
321,Kailua,US,21.4022,-157.7394,84.07,65,75,10.36,broken clouds
322,Delta Del Tigre,UY,-34.7633,-56.3853,84.61,39,0,13.8,clear sky
323,Pemangkat,ID,1.1667,108.9667,77.43,87,100,6.93,overcast clouds
324,Molteno,ZA,-31.3968,26.3625,50.77,79,0,6.87,clear sky
325,Acapulco,MX,16.8634,-99.8901,87.62,74,20,6.91,few clouds
326,Tskaltubo,GE,42.3254,42.5979,49.14,93,75,3.44,broken clouds
327,Carballo,ES,43.213,-8.691,57,92,100,10.22,overcast clouds
328,Kommunar,RU,59.6206,30.39,52.52,85,100,8.99,overcast clouds
329,Port Moresby,PG,-9.4431,147.1797,78.22,89,40,8.05,scattered clouds
330,Romitan,UZ,39.9343,64.3814,39.15,87,0,4.61,clear sky
331,Arys,KZ,42.4252,68.795,39.42,79,0,5.91,clear sky
332,Tahta,EG,26.7693,31.5021,78.24,31,96,6.29,overcast clouds
333,Naze,JP,28.3667,129.4833,69.44,65,86,12.28,overcast clouds
334,Kandrian,PG,-6.2167,149.55,79.05,87,96,3.18,light rain
335,Teya,RU,60.3778,92.6267,31.59,88,100,11.95,overcast clouds
336,Port Lincoln,AU,-34.7333,135.8667,53.71,57,56,5.41,broken clouds
337,Pastavy,BY,55.1168,26.8326,48.15,88,85,11.48,overcast clouds
338,Daru,PG,-9.0763,143.2092,81.82,80,100,8.72,overcast clouds
339,Belmonte,BR,-15.8631,-38.8828,77.5,83,53,7.94,broken clouds
340,Aklavik,CA,68.2191,-135.0107,25.63,93,100,0.78,overcast clouds
341,Akyab,MM,20.15,92.9,78.57,85,23,8.19,few clouds
342,La Ronge,CA,55.1001,-105.2842,50.22,40,40,9.22,scattered clouds
343,Bubaque,GW,11.2833,-15.8333,83.39,72,100,7.02,light rain
344,Solnechnyy,RU,50.7214,136.6319,33.03,81,98,2.84,overcast clouds
345,Westport,US,41.1415,-73.3579,56.08,71,90,1.01,overcast clouds
346,Le Port,RE,-20.9373,55.2919,69.89,79,54,8.43,broken clouds
347,Najran,SA,17.4924,44.1277,65.05,30,0,2.53,clear sky
348,Cozumel,MX,20.5083,-86.9458,84.27,60,40,5.01,scattered clouds
349,Lusambo,CD,-4.9667,23.45,68.95,90,80,0.09,broken clouds
350,Ust-Maya,RU,60.4167,134.5333,14.83,94,100,5.95,overcast clouds
351,Nizhnyaya Poyma,RU,56.1622,97.1933,33.73,71,100,5.91,overcast clouds
352,Kiunga,PG,-6.1219,141.2906,72.32,99,99,0.78,overcast clouds
353,Llanes,ES,43.4198,-4.7549,64.27,83,100,7.72,light rain
354,Ewa Beach,US,21.3156,-158.0072,84.02,60,75,11.5,broken clouds
355,Tual,ID,-5.6667,132.75,83.8,71,100,3.74,overcast clouds
356,Perevolotskiy,RU,51.8763,54.1938,39.34,88,100,1.41,overcast clouds
357,Basoko,CD,1.2391,23.616,72.01,94,93,3.36,overcast clouds
358,Moyale,KE,3.5167,39.0584,72.57,57,56,5.97,broken clouds
359,Ahipara,NZ,-35.1667,173.1667,64.69,75,100,9.37,overcast clouds
360,Abu Samrah,SY,35.3029,37.1841,66.11,55,99,4.38,overcast clouds
361,Padang,ID,-0.9492,100.3543,77.61,88,87,2.86,overcast clouds
362,Isangel,VU,-19.55,169.2667,80.71,74,7,5.75,clear sky
363,Gigmoto,PH,13.7796,124.39,79.65,80,9,11.14,clear sky
364,Lingao,CN,19.9103,109.6859,75.15,91,96,12.53,overcast clouds
365,Riyadh,SA,24.6877,46.7219,73.54,27,100,6.6,overcast clouds
366,Hamakita,JP,34.8,137.7833,55.27,78,0,1.01,clear sky
367,Santa Maria,BR,-29.6842,-53.8069,78.1,66,5,8.28,clear sky
368,Kunming,CN,25.0389,102.7183,53.53,100,90,6.71,mist
369,Kruisfontein,ZA,-34.0033,24.7314,55.89,73,8,8.1,clear sky
370,Ndjole,GA,-0.1783,10.7649,76.28,95,98,1.07,overcast clouds
371,Miandrivazo,MG,-19.5167,45.4667,74.39,64,74,4.14,broken clouds
372,Shetpe,KZ,44.1667,52.1167,46.49,87,100,3.94,overcast clouds
373,Madingou,CG,-4.1536,13.55,73.56,92,100,3.24,overcast clouds
374,Havoysund,NO,70.9963,24.6622,38.28,66,100,34.83,overcast clouds
375,Bambous Virieux,MU,-20.3428,57.7575,72.21,94,75,2.3,broken clouds
376,Jadu,LY,31.953,12.0261,62.15,58,72,1.19,broken clouds
377,Lakes Entrance,AU,-37.8811,147.981,54.16,62,21,13.49,few clouds
378,Batsfjord,NO,70.6345,29.7185,35.82,86,20,21.85,few clouds
379,Gazojak,TM,41.1875,61.4036,45.66,52,0,6.29,clear sky
380,Los Llanos De Aridane,ES,28.6585,-17.9182,65.95,80,0,5.99,clear sky
381,Barcelos,PT,41.5388,-8.6151,66.92,95,100,20.24,overcast clouds
382,Jensen Beach,US,27.2545,-80.2298,84.25,54,40,3,scattered clouds
383,Waw,SS,7.7029,27.9953,79.75,59,76,6.31,broken clouds
384,Cedar City,US,37.6775,-113.0619,67.39,32,1,0,clear sky
385,Luderitz,NA,-26.6481,15.1594,60.13,82,0,10.47,clear sky
386,Valparaiso,CL,-33.0393,-71.6273,64.63,70,0,10.36,fog
387,Sarangani,PH,5.4033,125.4636,83.84,72,39,15.43,scattered clouds
388,Hamilton,US,39.1834,-84.5333,59.36,96,90,1.01,moderate rain
389,Ashoknagar,IN,24.5667,77.7167,63.91,48,30,4.09,scattered clouds
390,Sayyan,YE,15.1718,44.3244,52.75,32,1,7.9,clear sky
391,Whitehorse,CA,60.7161,-135.0538,35.1,64,75,11.01,broken clouds
392,Laguna,US,38.421,-121.4238,80.44,63,1,1.99,clear sky
393,Ancud,CL,-41.8697,-73.8203,54.93,77,91,11.1,overcast clouds
394,Mehamn,NO,71.0357,27.8492,39.15,75,40,18.41,scattered clouds
395,Scarborough,GB,54.2797,-0.4044,50.07,85,100,1.99,overcast clouds
396,Maningrida,AU,-12.0667,134.2667,78.17,77,99,2.08,overcast clouds
397,Kenai,US,60.5544,-151.2583,30.15,93,1,6.91,clear sky
398,Xicotencatl,MX,23.0167,-98.8833,89.2,26,0,5.21,clear sky
399,Mengcheng,CN,33.2579,116.5655,57.79,68,0,5.17,light rain
400,Tikrit,IQ,34.6071,43.6782,72.99,38,12,9.84,few clouds
401,Slave Lake,CA,55.2834,-114.769,40.98,45,1,16.11,clear sky
402,Riachao Do Jacuipe,BR,-11.8069,-39.3856,77.38,49,37,13.51,scattered clouds
403,Manta,EC,-0.95,-80.7333,83.98,58,0,14.97,clear sky
404,Syamzha,RU,60.0158,41.0614,44.35,93,100,11.63,overcast clouds
405,Amberley,US,39.2048,-84.428,58.71,96,90,1.99,moderate rain
406,Buckingham,GB,51.9997,-0.9878,49.82,90,73,11.27,broken clouds
407,General Roca,AR,-39.0333,-67.5833,88.63,9,87,7.31,overcast clouds
408,Virginia Beach,US,36.8529,-75.978,73.47,64,62,5.01,broken clouds
409,Wagar,SD,16.1525,36.2032,84.38,39,0,12.93,clear sky
410,Tayu,ID,-6.5397,111.0518,79.83,82,100,4.09,overcast clouds
411,Dabwali,IN,29.95,74.7333,67.6,33,0,3.33,clear sky
412,Kaeo,NZ,-35.1,173.7833,68.32,79,100,8.05,overcast clouds
413,San Martin,AR,-33.081,-68.4681,91.94,14,1,8.12,clear sky
414,Salalah,OM,17.0151,54.0924,82.49,69,0,4.61,clear sky
415,Hanmer Springs,NZ,-42.5167,172.8167,60.62,65,6,3.74,clear sky
416,Sussex,US,41.1834,-74.6663,54.68,67,90,13.8,overcast clouds
417,Anlu,CN,31.1661,112.5831,57.7,75,0,0.92,light rain
418,Boone,US,39.0334,-92.3335,51.66,96,100,4,overcast clouds
419,Kangaatsiaq,GL,68.3065,-53.4641,32.4,95,100,13.85,light snow
420,La Pintada,CO,5.7487,-75.6063,84.34,69,93,2.24,overcast clouds
421,Safaga,EG,26.7292,33.9365,79.95,41,12,11.77,few clouds
422,Dejen,ET,10.1667,38.1333,54.63,54,75,3.67,broken clouds
423,Cortez,US,37.3489,-108.5859,67.68,35,1,12.66,clear sky
424,Aquidauana,BR,-20.4711,-55.7872,86.36,50,90,10.49,overcast clouds
425,Berezovyy,RU,51.6667,135.7,34.95,81,100,1.52,overcast clouds
426,Lalsot,IN,26.5667,76.3333,65.07,49,0,1.48,clear sky
427,Praia,CV,14.9215,-23.5087,79.34,78,75,13.8,broken clouds
428,Havelock,US,34.8791,-76.9013,71.55,69,16,8.01,few clouds
429,Ebetsu,JP,43.1081,141.5506,36.12,96,0,4.61,clear sky
430,Visnes,NO,59.3556,5.2242,56.21,88,90,23.02,light rain
431,Auki,SB,-8.7676,160.7034,82.29,76,56,5.06,broken clouds
432,Pacific Grove,US,36.6177,-121.9166,84.58,75,1,1.01,clear sky
433,Port Elizabeth,ZA,-33.918,25.5701,58.1,79,21,9.15,few clouds
434,Ilebo,CD,-4.3167,20.5833,69.53,92,91,1.7,overcast clouds
435,Zeya,RU,53.75,127.2667,25.39,40,58,8.16,broken clouds
436,Boende,CD,-0.2167,20.8667,69.33,99,99,1.05,overcast clouds
437,Sokoni,TZ,-6.4333,39.55,79.12,78,9,12.86,clear sky
438,Lincoln,US,40.8,-96.667,62.51,33,1,1.01,clear sky
439,Lewistown,US,40.5992,-77.5714,52.48,96,90,12.66,overcast clouds
440,Sterling,US,39.0062,-77.4286,62.49,97,90,3,mist
441,Mbalmayo,CM,3.5167,11.5,71.92,97,75,0.63,light rain
442,Linguere,SN,15.3953,-15.1193,88.02,51,0,4.61,clear sky
443,Conde,BR,-7.2597,-34.9075,74.66,88,75,13.8,broken clouds
444,Kantang,TH,7.4054,99.5156,76.82,94,43,4.12,scattered clouds
445,Sao Gabriel Da Cachoeira,BR,-0.1303,-67.0892,89.4,58,40,4.61,scattered clouds
446,Sayansk,RU,54.1088,102.1648,25.56,66,77,4.7,broken clouds
447,Rabak,SD,13.1809,32.74,90.52,29,58,7.92,broken clouds
448,Palm Coast,US,29.585,-81.2078,72.25,64,69,1.01,broken clouds
449,Kavaratti,IN,10.5669,72.642,81.97,70,95,2.71,overcast clouds
450,Mackenzie,CA,55.2999,-123.1698,35.82,51,40,2.3,scattered clouds
451,Taoudenni,ML,22.6783,-3.9836,84.83,18,7,6.78,clear sky
452,Netarhat,IN,23.4833,84.2667,56.25,91,94,1.36,overcast clouds
453,Parthenay,FR,46.6667,-0.4167,54.95,92,100,10.42,overcast clouds
454,Viedma,AR,-40.8135,-62.9967,95.76,18,60,16.2,broken clouds
455,Vryburg,ZA,-26.9566,24.7284,65.12,45,0,8.48,clear sky
456,Hervey Bay,AU,-25.2986,152.8535,78.91,84,69,15.19,broken clouds
457,Sechura,PE,-5.5569,-80.8222,75.88,56,83,16.96,broken clouds
458,Jacareacanga,BR,-6.2222,-57.7528,84.09,67,83,3.36,broken clouds
459,Bobrovka,RU,54.047,61.7455,26.85,64,3,3.27,clear sky
460,Iki-Burul,RU,45.8208,44.6472,46.74,90,9,6.26,clear sky
461,Yantal,RU,56.8471,105.2542,27.52,53,100,5.88,overcast clouds
462,Ciudad Bolivar,VE,8.1222,-63.5497,85.8,63,87,5.73,overcast clouds
463,Ostrovnoy,RU,68.0531,39.5131,37.17,94,100,19.42,overcast clouds
464,Raton,US,36.9034,-104.4391,68.58,23,1,9.22,clear sky
465,Tautira,PF,-17.7333,-149.15,80.62,74,47,13,scattered clouds
466,Chutove,UA,49.7104,35.1603,43.68,78,0,5.32,clear sky
467,Rzhanitsa,RU,53.4284,33.923,43.72,94,32,5.44,scattered clouds
468,Jintur,IN,19.6167,76.7,66.13,53,98,7.07,overcast clouds
469,Constitucion,CL,-35.3333,-72.4167,64.92,59,93,17.94,overcast clouds
470,Jussara,BR,-23.6214,-52.4694,81.84,61,73,3.74,broken clouds
471,Itoman,JP,26.1247,127.6694,71.62,75,0,5.75,clear sky
472,Matara,LK,5.9485,80.5353,76.39,91,73,2.8,broken clouds
473,Harper,LR,4.375,-7.7169,77.31,85,99,6.71,overcast clouds
474,Kieta,PG,-6.2167,155.6333,82.92,76,96,5.55,light rain
475,Linqiong,CN,30.4159,103.4609,58.82,86,52,0.63,broken clouds
476,Bullhead City,US,35.1478,-114.5683,89.11,19,1,18.41,clear sky
477,Grand-Santi,GF,4.25,-54.3833,82.33,63,53,1.74,broken clouds
478,Oistins,BB,13.0667,-59.5333,82.49,65,20,13.8,few clouds
479,Shahrud,IR,36.4182,54.9763,48.63,41,78,0.69,broken clouds
480,Victoria,HK,22.2855,114.1577,76.98,91,83,4,broken clouds
481,Selma,US,36.5708,-119.6121,83.03,66,57,3.74,broken clouds
482,Tammisaari,FI,59.9736,23.4339,50.67,91,45,13.29,scattered clouds
483,Cabedelo,BR,-6.9811,-34.8339,75.87,79,71,14.76,broken clouds
484,Magadi,IN,12.9667,77.2333,68.34,96,100,6.15,overcast clouds
485,Ilulissat,GL,69.2167,-51.1,24.82,86,75,8.05,broken clouds
486,Bakchar,RU,57.0186,82.0711,28.78,89,100,11.59,snow
487,Bhadrachalam,IN,17.6667,80.8833,74.16,92,98,0.87,overcast clouds
488,Piacabucu,BR,-10.4056,-36.4344,75.79,71,40,6.71,scattered clouds
489,Lazaro Cardenas,MX,17.9583,-102.2,84.49,68,0,5.26,clear sky
490,Chico,US,39.7285,-121.8375,75.67,60,75,1.99,broken clouds
491,Araouane,ML,18.9048,-3.5265,84.65,24,82,10.8,broken clouds
492,Mango,US,27.9797,-82.3065,79.86,71,90,9.22,overcast clouds
493,Yangambi,CD,0.8102,24.4336,69.87,98,88,2.13,overcast clouds
494,Cockburn Town,TC,21.4612,-71.1419,82.35,73,71,7.78,broken clouds
495,Chacabuco,AR,-34.6417,-60.4739,86.85,12,3,12.12,clear sky
496,Peebles,GB,55.6519,-3.1888,45.97,10,100,1.01,overcast clouds
497,Adrar,MR,20.5022,-10.0711,78.57,24,52,10.74,broken clouds
498,Ola,RU,59.5833,151.2833,26.49,84,78,3.76,broken clouds
499,Lobez,PL,53.6392,15.6213,46.31,86,22,7.92,few clouds
500,Ocos,GT,14.5094,-92.1933,87.98,69,8,6.35,clear sky
501,Half Moon Bay,US,37.4636,-122.4286,81.14,67,20,5.75,few clouds
502,Maceio,BR,-9.6658,-35.7353,81.84,65,0,3.44,clear sky
503,Muravlenko,RU,63.7898,74.523,17.19,93,100,27.34,snow
504,Henties Bay,NA,-22.116,14.2845,58.86,82,0,5.3,clear sky
505,Hit,IQ,33.6416,42.8251,72.5,31,11,3.74,few clouds
506,Sinnamary,GF,5.3833,-52.95,80.98,75,22,8.03,few clouds
507,Canatlan,MX,24.5167,-104.7833,72.25,25,0,4.47,clear sky
508,Cantagallo,CO,7.376,-73.9196,78.84,82,100,1.52,overcast clouds
509,La Rioja,ES,42.25,-2.5,51.04,85,100,4.63,overcast clouds
510,Husavik,IS,66.0449,-17.3389,39.11,98,100,1.1,overcast clouds
511,Nanakuli,US,21.3906,-158.1547,84.04,61,20,9.22,few clouds
512,Pontianak,ID,-0.0333,109.3333,75.18,94,90,6.91,overcast clouds
513,Klaksvik,FO,62.2266,-6.589,45.52,87,100,2.15,overcast clouds
514,Rodrigues Alves,BR,-7.738,-72.6509,77.2,75,94,1.23,overcast clouds
515,Amga,RU,60.8953,131.9608,15.66,95,100,4.79,overcast clouds
516,Iguape,BR,-24.7081,-47.5553,71.13,86,5,8.81,clear sky
517,Kharan,PK,28.5833,65.4167,69.58,25,0,9.01,clear sky
518,Rio Branco,BR,-9.9747,-67.81,90.21,40,40,2.3,scattered clouds
519,Letpadan,MM,17.7833,95.75,73.96,95,98,3.83,overcast clouds
520,Salinopolis,BR,-0.6136,-47.3561,79.7,82,98,6.02,overcast clouds
521,Pokhara,NP,28.2333,83.9833,59.59,56,0,6.04,clear sky
522,Bereda,ES,43.2686,-7.5406,55.42,99,100,1.07,light rain
523,Yumen,CN,40.2833,97.2,37.6,48,5,7.61,clear sky
524,Limbe,CM,4.0242,9.2149,79.65,88,100,0.94,moderate rain
525,Thanh Hoa,VN,19.8,105.7667,70.65,96,100,8.05,overcast clouds
526,Baculin,PH,7.4525,126.5842,77.5,85,30,4.34,scattered clouds
527,Sistranda,NO,63.7256,8.834,53.91,85,100,12.06,overcast clouds
528,Vakhrushev,RU,48.9833,142.9667,38.08,67,0,3.15,clear sky
529,Jinchang,CN,38.4953,102.1739,42.69,35,30,3.04,scattered clouds
530,Homer,US,59.6425,-151.5483,35.04,76,90,5.75,overcast clouds
531,Ventspils,LV,57.3894,21.5606,40.93,100,73,2.3,mist
532,Outjo,NA,-20.1167,16.15,78.66,31,60,13.62,broken clouds
533,Vanavara,RU,60.34,102.2797,28.06,67,100,8.16,overcast clouds
534,Mumford,GH,5.2618,-0.759,79.45,85,100,10.8,light rain
535,Kalmunai,LK,7.4167,81.8167,79.34,81,88,1.41,overcast clouds
536,Weligama,LK,5.9667,80.4167,76.69,90,71,2.15,broken clouds
537,Okhotsk,RU,59.3833,143.3,15.87,71,1,15.28,clear sky
538,Erenhot,CN,43.6475,111.9767,37.81,56,2,8.01,clear sky
539,Sola,VU,-13.8833,167.55,84.87,74,40,0,scattered clouds
540,Yala,TH,6.3333,101.25,74.7,98,46,1.54,scattered clouds
541,Nelson Bay,AU,-32.7167,152.15,69.1,70,10,4,clear sky
542,Yokadouma,CM,3.5167,15.05,68.83,98,95,2.73,light rain
543,Three Hills,CA,51.7001,-113.2686,44.58,44,100,10.13,overcast clouds
544,Ratchaburi,TH,13.5833,99.5333,78.22,95,24,2.37,few clouds
545,Sorland,NO,67.667,12.6934,45.88,83,100,19.13,overcast clouds
546,Manokwari,ID,-0.8667,134.0833,78.75,69,100,3.96,overcast clouds
547,San Cristobal,VE,7.7669,-72.225,78.98,96,100,2.62,overcast clouds
548,Sobolevo,RU,54.4299,31.8996,46.76,94,61,8.46,broken clouds
549,Plettenberg Bay,ZA,-34.0527,23.3716,62.17,83,100,11.45,overcast clouds
550,Ambon,ID,-3.6954,128.1814,75.34,94,40,8.05,scattered clouds
551,Kemijarvi,FI,66.7131,27.4306,28.15,98,57,1.45,broken clouds
552,Luanda,AO,-8.8368,13.2343,77.65,81,100,10.45,overcast clouds
553,Letterkenny,IE,54.95,-7.7333,45.54,96,96,2.77,overcast clouds
554,Gamba,GA,-2.65,10,76.89,91,96,3.47,light rain
555,Kabelvag,NO,68.2114,14.4817,40.53,93,0,3.44,clear sky
556,Beinamar,TD,8.6698,15.3813,77.16,66,95,3.69,overcast clouds
557,Cuamba,MZ,-14.8031,36.5372,70.32,44,8,4.45,clear sky
558,Tvedestrand,NO,58.622,8.9315,55.31,92,100,9.24,overcast clouds
559,Arman,RU,59.7,150.1667,21.33,79,40,5.95,scattered clouds
560,Fort Saint James,CA,54.4333,-124.25,39.94,39,1,8.32,clear sky
561,Gimli,CA,50.6336,-96.9907,49.42,76,100,14.97,overcast clouds
562,Ariquemes,BR,-9.9133,-63.0408,91.2,43,96,2.21,overcast clouds
563,Verkhoyansk,RU,67.5447,133.385,6.78,96,100,3.4,overcast clouds
564,Grande Prairie,CA,55.1667,-118.8027,39.38,38,20,16.11,few clouds
565,Kovdor,RU,67.5662,30.4758,24.42,98,26,3.42,scattered clouds
566,Atherton,GB,53.5237,-2.4935,50.72,86,99,1.99,overcast clouds
567,Muli,MV,2.9167,73.5667,82.2,77,98,11.34,overcast clouds
568,Broome,US,42.2506,-75.833,54.64,68,90,3,overcast clouds
569,Marawi,PH,7.9986,124.2928,64.65,93,10,2.01,clear sky
570,Canon City,US,38.441,-105.2424,76.03,19,1,5.99,clear sky
571,Quesnel,CA,52.9999,-122.5029,43.3,42,40,8.05,scattered clouds
572,Mana,GF,5.6592,-53.7767,79.81,80,94,8.5,overcast clouds
573,Beipiao,CN,41.7919,120.7792,45.79,76,71,3.76,broken clouds
574,Lagoa,PT,39.05,-27.9833,67.39,93,100,19.84,overcast clouds
575,Rostock,DE,54.0887,12.1405,51.1,82,41,10.78,scattered clouds
576,Klyuchi,RU,52.2667,79.1667,39.38,44,100,13.53,overcast clouds
577,Pemba,MZ,-12.974,40.5178,77.7,78,75,11.5,broken clouds
578,Baykit,RU,61.67,96.37,25.75,96,100,4.29,overcast clouds
579,Ponta Grossa,BR,-25.095,-50.1619,67.14,80,50,8.34,scattered clouds
580,Ommen,NL,52.5333,6.5,57.11,91,100,3,overcast clouds
581,Tamiahua,MX,21.2667,-97.45,80.29,56,28,7.18,scattered clouds
582,Pandan Niog,PH,6.2282,120.5631,83.35,72,35,3.65,scattered clouds
583,Bowen,AU,-20.0167,148.2333,75.42,77,0,3.98,clear sky
584,Marataizes,BR,-21.0433,-40.8244,72.18,90,100,10.71,overcast clouds
585,Macomer,IT,40.262,8.7699,52.54,85,12,1.23,few clouds
586,Rock Springs,US,41.5875,-109.2029,58.44,30,1,6.91,clear sky
587,Moindou,NC,-21.6924,165.677,75.15,66,15,3.56,few clouds
588,Payakumbuh,ID,-0.2202,100.6308,69.98,97,85,2.55,overcast clouds
589,Tenenkou,ML,14.4572,-4.9169,90.86,33,95,5.06,overcast clouds
590,Sulangan,PH,11.1373,123.7228,82.22,78,98,14,overcast clouds
591,Finnsnes,NO,69.2296,17.9811,36.34,100,100,0.56,overcast clouds
592,Paracatu,BR,-17.2222,-46.8747,81.86,41,28,3.65,scattered clouds
593,Uvarovka,RU,55.5278,35.6061,45.1,95,28,8.86,scattered clouds
594,Capleni,RO,47.7167,22.5,48.94,53,8,5.01,clear sky
595,Russell,US,32.3502,-85.1999,57.11,75,90,5.75,overcast clouds
596,Palmeirais,BR,-5.9778,-43.0633,85.32,50,87,2.44,overcast clouds
597,Necochea,AR,-38.5473,-58.7368,86.04,39,61,14.09,broken clouds
598,Macau,MO,22.2006,113.5461,76.73,83,40,10.36,scattered clouds
599,Palmer,US,42.1584,-72.3287,51.17,71,75,1.01,broken clouds
600,Bafq,IR,31.6128,55.4107,63.12,24,63,1.14,broken clouds
601,Bongaree,AU,-27.0797,153.1586,78.15,80,97,6.08,overcast clouds
602,Aswan,EG,24.0934,32.907,83.03,17,26,11.16,scattered clouds
603,Nevsehir,TR,38.9167,34.6667,43.81,71,0,8.05,clear sky
604,Vila Velha,BR,-20.3297,-40.2925,76.95,78,75,8.05,broken clouds
605,Orlik,RU,52.5178,99.825,24.82,80,42,3.6,scattered clouds
606,Preobrazheniye,RU,42.9019,133.9064,44.26,58,47,5.59,scattered clouds
607,Lubango,AO,-14.9172,13.4925,63.48,58,96,2.71,overcast clouds
608,Ndele,CF,8.4109,20.6473,77.43,55,100,0.92,overcast clouds
609,Corrales,US,35.2378,-106.6067,74.97,24,1,3,clear sky
610,Bilibino,RU,68.0546,166.4372,-13.22,89,99,3.33,overcast clouds
611,Khani,GE,41.9563,42.9566,42.37,92,100,2.21,overcast clouds
612,Kadnikov,RU,59.5022,40.338,43.52,93,94,10.67,overcast clouds
613,Payo,ID,-3.7508,103.6372,74.19,97,100,1.23,overcast clouds
614,East Wenatchee,US,47.4157,-120.2931,60.87,37,1,3,clear sky
615,Charagua,BO,-19.8,-63.2167,95.36,24,18,14.5,few clouds
616,Vila Franca Do Campo,PT,37.7167,-25.4333,72.19,93,82,15.86,broken clouds
617,Ladario,BR,-19.0047,-57.6017,84.49,65,75,6.91,broken clouds
618,Coreau,BR,-3.5333,-40.6567,83.57,56,70,9.28,broken clouds
619,Governador Dix-Sept Rosado,BR,-5.4577,-37.5209,82.24,65,42,20.29,scattered clouds
620,Tiznit,MA,29.5833,-9.5,63.03,72,4,0.74,clear sky
621,Pochutla,MX,15.7432,-96.4661,88.83,64,48,6.22,scattered clouds
622,Santa Cruz,BO,-17.8,-63.1667,90.86,51,20,16.11,few clouds
623,Mao,ES,39.8885,4.2658,66.76,72,20,9.22,few clouds
624,Ravar,IR,31.2656,56.8055,61,26,87,2.86,overcast clouds
625,Mayo,US,38.8876,-76.5119,63.18,95,90,4,heavy intensity rain
626,Montevideo,UY,-34.8335,-56.1674,84.22,65,0,11.99,clear sky
627,Mahdasht,IR,35.7299,50.8111,61.02,66,75,13.8,broken clouds
628,Banda Aceh,ID,5.5577,95.3222,74.68,91,100,5.21,light rain
629,Plouzane,FR,48.3833,-4.6167,55.49,85,0,13.8,clear sky
630,Wuning,CN,29.2589,120.2311,61.02,82,100,1.61,overcast clouds
631,Pundaguitan,PH,6.3711,126.1689,82,77,26,8.84,scattered clouds
632,Itarema,BR,-2.9248,-39.9167,80.33,67,47,11.1,scattered clouds
633,Batagay,RU,67.6333,134.6333,9.63,97,100,2.82,overcast clouds
634,Goderich,CA,43.7501,-81.7165,54.91,87,100,23.78,overcast clouds
635,Clyde River,CA,70.4692,-68.5914,28.63,100,90,9.22,light snow
636,Tomatlan,MX,19.9333,-105.25,87.37,63,28,8.79,scattered clouds
637,Batagay-Alyta,RU,67.8006,130.4114,-4.95,86,98,5.84,overcast clouds
638,Malindi,KE,-3.2175,40.1191,78.13,84,94,12.48,overcast clouds
639,Praia Da Vitoria,PT,38.7333,-27.0667,70.05,88,20,8.05,few clouds
640,Tromso,NO,69.6496,18.957,36.37,87,20,2.3,few clouds
641,Elk City,US,35.412,-99.4043,66.42,18,1,11.5,clear sky
642,Ystad,SE,55.4297,13.8204,50.74,79,8,13.38,clear sky
643,Chazuta,PE,-6.5742,-76.1367,86.85,57,64,1.12,broken clouds
644,Biak,ID,-0.9131,122.8766,76.69,81,84,1.28,broken clouds
645,Sassandra,CI,4.95,-6.0833,76.69,87,88,6.17,overcast clouds
646,Jangipur,IN,24.4667,88.0667,70.99,65,59,7.34,broken clouds
647,Tura,IN,25.5198,90.2201,65.07,85,31,4.18,scattered clouds
648,Saryozek,KZ,44.3583,77.9753,41.29,85,100,5.17,light rain
649,Mareeba,AU,-17,145.4333,74.44,86,60,1.77,broken clouds
650,Pavilosta,LV,56.8879,21.1859,46.31,76,70,13.56,broken clouds
651,Parana,AR,-31.732,-60.5238,93.29,30,0,8.19,clear sky
652,Aksay,RU,47.26,39.87,50.25,59,6,5.99,clear sky
653,Ketchikan,US,55.3422,-131.6461,43.27,87,90,6.91,light rain
654,Angoche,MZ,-16.2325,39.9086,74.21,65,5,12.08,clear sky
655,Caravelas,BR,-17.7125,-39.2481,74.82,79,18,6.06,few clouds
656,Dudinka,RU,69.4058,86.1778,19.02,94,100,15.05,light snow
657,Dehloran,IR,32.6941,47.2679,78.22,40,100,11.14,overcast clouds
658,Balakhta,RU,55.38,91.6,38.17,72,100,10.94,overcast clouds
659,Vestmanna,FO,62.1564,-7.1664,43.72,100,75,1.14,broken clouds
660,Batemans Bay,AU,-35.7167,150.1833,56.1,49,17,7.4,few clouds
661,Zhuanghe,CN,39.7008,122.9911,50.74,87,7,5.3,light rain
662,Freeport,US,40.6576,-73.5832,57.22,69,90,10,overcast clouds
663,Elesbao Veloso,BR,-6.2019,-42.1403,88.02,37,97,4.65,overcast clouds
664,Paramirim,BR,-13.4425,-42.2389,78.62,46,25,7.02,scattered clouds
665,Phan Thiet,VN,10.9333,108.1,75.99,86,100,6.69,overcast clouds
666,Kununurra,AU,-15.7667,128.7333,80.58,83,11,3.44,few clouds
667,Playas,EC,-2.6333,-80.3833,75.15,74,98,16.49,overcast clouds
668,Pangai,TO,-19.8,-174.35,78.91,69,75,14.97,light rain
669,Semey,KZ,50.4111,80.2275,40.01,44,83,7.31,broken clouds
670,High Level,CA,58.5169,-117.136,39.31,60,75,8.05,broken clouds
671,Lerwick,GB,60.1545,-1.1494,53.6,92,100,23.87,overcast clouds
672,Faya,SA,18.3851,42.4509,60.91,30,90,7.34,overcast clouds
673,Nishihara,JP,26.1842,127.7558,70.88,76,20,0,few clouds
674,La Sarre,CA,48.8002,-79.1996,48.43,60,98,3.4,overcast clouds
675,Benghazi,LY,32.1167,20.0667,70.72,71,3,8.81,clear sky
676,Halifax,CA,44.6453,-63.5724,52.68,72,46,1.99,scattered clouds
677,Concordia,AR,-31.393,-58.0209,89.78,46,40,11.99,scattered clouds
678,Rio Grande,BR,-32.035,-52.0986,71.71,81,4,18.3,clear sky
679,La Concordia,NI,13.1953,-86.1667,83.71,71,85,4.25,overcast clouds
680,Inuvik,CA,68.3499,-133.7218,25.66,93,75,0,light snow
681,Saint-Augustin,CA,51.226,-58.6502,44.74,41,0,0.49,clear sky
682,Lehigh Acres,US,26.6254,-81.6248,82.98,59,75,7,broken clouds
683,Lata,PT,40.1629,-8.3327,67.93,94,100,19.93,moderate rain
684,Sakaraha,MG,-22.9,44.5333,59.41,64,9,3.27,clear sky
685,Asbestos,CA,45.7668,-71.9324,56.79,59,0,7.11,clear sky
686,Tambo,PE,-14.8,-73.9167,42.98,72,94,9.84,moderate rain
687,Moron,AR,-34.6534,-58.6198,85.93,56,75,11.7,broken clouds
688,Denpasar,ID,-8.65,115.2167,78.46,94,75,3.44,broken clouds
689,Milkovo,RU,54.7167,158.6167,26.82,95,55,2.55,broken clouds
690,Yulara,AU,-25.2406,130.9889,69.64,23,100,13.8,moderate rain
691,Hirado,JP,33.3597,129.5531,62.38,61,77,6.62,broken clouds
692,Chapais,CA,49.7834,-74.8492,53.38,62,31,5.48,scattered clouds
693,Tyup,KG,42.7276,78.3648,37.63,93,100,2.33,light rain
694,Tabas,IR,33.5959,56.9244,62.76,28,48,1.83,scattered clouds
695,Havre-Saint-Pierre,CA,50.2334,-63.5986,48.2,75,1,4.61,clear sky
696,Krasnoselkup,RU,65.7,82.4667,24.75,98,58,5.55,light snow
697,Llangefni,GB,53.2556,-4.3106,53.73,90,40,26.46,moderate rain
698,Awbari,LY,26.5921,12.7805,68.76,33,43,6.33,scattered clouds
699,Ternate,ID,0.8,127.4,80.91,80,100,7.11,overcast clouds
700,Port Hedland,AU,-20.3167,118.5667,73.45,78,75,6.91,broken clouds
